{
 "local-bzt-version": "1.8.4.1401", 
 "settings": {
  "check-updates": true, 
  "check-interval": 1, 
  "verbose": false, 
  "aggregator": "consolidator", 
  "default-executor": "jmeter", 
  "proxy": {}, 
  "tab-replacement-spaces": 4
 }, 
 "reporting": [
  {
   "module": "final-stats"
  }, 
  {
   "module": "console"
  }, 
  {
   "session-id": "r-t-5988e2bead6a9", 
   "test-id": 5396847, 
   "report-name": null, 
   "forced-last-check": 0, 
   "module": "blazemeter", 
   "signature": "90c0051cc89fb6e62c8b6fd77a713e6b", 
   "user-id": 106819, 
   "kpi-target": "buffered_aggregates"
  }
 ], 
 "modules": {
  "ldjson-results": {
   "class": "bztcustom.ldjsonresults.LDJSONExporter"
  }, 
  "appium": {
   "class": "bzt.modules.services.AppiumLoader"
  }, 
  "ab": {
   "class": "bzt.modules.ab.ApacheBenchmarkExecutor"
  }, 
  "proxy2jmx": {
   "class": "bzt.modules.proxy2jmx.Proxy2JMX"
  }, 
  "mocha": {
   "class": "bzt.modules.javascript.MochaTester"
  }, 
  "blazemeter": {
   "send-interval": 30, 
   "data-address": "https://data.blazemeter.com", 
   "timeout": 15, 
   "report-name": null, 
   "monitoring-buffer-limit": 500, 
   "send-monitoring": true, 
   "bulk-size": 5, 
   "token": "********", 
   "send-custom-tables": false, 
   "address": "https://a.blazemeter.com", 
   "browser-open": null, 
   "send-custom-metrics": false, 
   "request-logging-limit": 256, 
   "class": "bzt.modules.blazemeter.BlazeMeterUploader", 
   "public-report": false
  }, 
  "screenshotersub": {
   "class": "bztcustom.screenshoter.ScreenShoterSubprocessed"
  }, 
  "testng": {
   "class": "bzt.modules.java.TestNGTester"
  }, 
  "screenshoter": {
   "class": "bztcustom.screenshoter.ScreenShoter"
  }, 
  "cloud": {
   "class": "bzt.modules.blazemeter.CloudProvisioning", 
   "default-location": "us-central1-a"
  }, 
  "install-checker": {
   "class": "bzt.modules.services.InstallChecker"
  }, 
  "jtl-loader": "bztcustom.jmeterjtlloader.JMeterJTLLoaderExecutor", 
  "monitoring": {
   "class": "bzt.modules.monitoring.Monitoring"
  }, 
  "selenium": {
   "selenium-tools": {
    "nose": {}
   }, 
   "additional-classpath": [], 
   "class": "bztcustom.selenium_enhanced.ConcurrentSeleniumExecutor", 
   "virtual-display": {
    "width": 1280, 
    "height": 800
   }
  }, 
  "console": {
   "disable": true, 
   "class": "bzt.modules.console.ConsoleStatusReporter"
  }, 
  "tsung": {
   "class": "bzt.modules.tsung.TsungExecutor"
  }, 
  "gatling": {
   "class": "bzt.modules.gatling.GatlingExecutor", 
   "properties": {
    "gatling.data.file.bufferSize": 256
   }
  }, 
  "capturehar": {
   "connect-timeout": 5000, 
   "mgmt-port": 9090, 
   "class": "bztcustom.capturehar.CaptureHAR", 
   "path": "~/.bzt/browsermob-proxy", 
   "response-timeout": 10000, 
   "browser-open": false
  }, 
  "virtual-display": {
   "class": "bzt.modules.services.VirtualDisplay"
  }, 
  "local": {
   "sequential": false, 
   "class": "bzt.modules.provisioning.Local"
  }, 
  "chrome-metric-reporter": {
   "class": "bzt.modules.chrome.MetricReporter"
  }, 
  "shepherd": {
   "worker-timeout": "5", 
   "master-id": 16505187, 
   "exclusive-mode": false, 
   "default-location": "us-central1-a", 
   "token": "********", 
   "api-timeout": 15, 
   "address": "https://a.blazemeter.com", 
   "retries-limit": 60, 
   "request-logging-limit": 256, 
   "class": "bztremote.client.Shepherd", 
   "retry-interval": 15
  }, 
  "chrome-profiler": {
   "class": "bzt.modules.chrome.ChromeProfiler", 
   "processors": {
    "trace": {
     "extractors": [
      "bzt.modules.chrome.TabNameExtractor", 
      "bzt.modules.chrome.MemoryMetricsExtractor", 
      "bztcustom.chrome_prof_tools.DOMMetricsExtractor", 
      "bztcustom.chrome_prof_tools.JavaScriptMetricsExtractor", 
      "bztcustom.chrome_prof_tools.LoadTimeMetricsExtractor", 
      "bztcustom.chrome_prof_tools.NetworkMetricsExtractor", 
      "bzt.modules.chrome.TabNameExtractor", 
      "bzt.modules.chrome.MemoryMetricsExtractor", 
      "bztcustom.chrome_prof_tools.DOMMetricsExtractor", 
      "bztcustom.chrome_prof_tools.JavaScriptMetricsExtractor", 
      "bztcustom.chrome_prof_tools.LoadTimeMetricsExtractor", 
      "bztcustom.chrome_prof_tools.NetworkMetricsExtractor"
     ], 
     "class": "bzt.modules.chrome.TraceProcessor"
    }, 
    "cpuprofile": {
     "class": "bztcustom.chrome_prof_tools.CPUProfileProcessor", 
     "file": "js.cpuprofile"
    }
   }
  }, 
  "shellexec": {
   "class": "bzt.modules.shellexec.ShellExecutor", 
   "env": {
    "TAURUS_INDEX_EXECUTION": 1, 
    "TAURUS_INDEX_LOCATION": 1, 
    "TAURUS_INDEX_ALL": 1
   }, 
   "default-cwd": "artifacts-dir"
  }, 
  "siege": {
   "class": "bzt.modules.siege.SiegeExecutor"
  }, 
  "rspec": {
   "class": "bzt.modules.ruby.RSpecTester"
  }, 
  "grinder": {
   "class": "bzt.modules.grinder.GrinderExecutor", 
   "properties": {
    "grinder.useConsole": false
   }
  }, 
  "android-emulator": {
   "class": "bzt.modules.services.AndroidEmulatorLoader"
  }, 
  "final_stats": {
   "class": "bzt.modules.reporting.FinalStatus"
  }, 
  "functional-consolidator": {
   "class": "bzt.modules.functional.FunctionalAggregator"
  }, 
  "jmeter": {
   "properties": {
    "jmeter.save.saveservice.autoflush": "true", 
    "jmeter.save.saveservice.connect_time": "true", 
    "TAURUS_INDEX_EXECUTION": 1, 
    "summariser.name": "", 
    "jmeterengine.force.system.exit": "true", 
    "mode": "Stripped", 
    "TAURUS_INDEX_LOCATION": 1, 
    "TAURUS_INDEX_ALL": 1
   }, 
   "class": "bzt.modules.jmeter.JMeterExecutor", 
   "plugins": [
    "jpgc-casutg", 
    "jpgc-dummy", 
    "jpgc-ffw", 
    "jpgc-fifo", 
    "jpgc-functions", 
    "jpgc-json", 
    "jpgc-perfmon", 
    "jpgc-prmctl", 
    "jpgc-tst", 
    "jpgc-casutg", 
    "jpgc-dummy", 
    "jpgc-ffw", 
    "jpgc-fifo", 
    "jpgc-functions", 
    "jpgc-json", 
    "jpgc-perfmon", 
    "jpgc-prmctl", 
    "jpgc-tst"
   ]
  }, 
  "remote": {
   "retries-limit": 10, 
   "class": "bztremote.client.Remote"
  }, 
  "pbench": {
   "class": "bzt.modules.pbench.PBenchExecutor", 
   "enhanced": true
  }, 
  "locust": {
   "class": "bzt.modules.locustio.LocustIOExecutor"
  }, 
  "junit": {
   "class": "bzt.modules.java.JUnitTester"
  }, 
  "final-stats": {
   "class": "bzt.modules.reporting.FinalStatus"
  }, 
  "passfail": {
   "class": "bzt.modules.passfail.PassFailStatus"
  }, 
  "nose": {
   "interpreter": "/home/jmeter/venv/bin/python", 
   "class": "bzt.modules.python.NoseTester", 
   "verbose": false
  }, 
  "s3downloader": {
   "class": "bztcustom.s3downloader.S3Downloader"
  }, 
  "consolidator": {
   "max-buffer-len": Infinity, 
   "buffer-multiplier": 2, 
   "ignore-labels": [
    "ignore"
   ], 
   "min-buffer-len": 2, 
   "percentiles": [
    0, 
    50, 
    90, 
    95, 
    99, 
    99.9, 
    100
   ], 
   "rtimes-len": 1000, 
   "buffer-scale-choice": 0.5, 
   "generalize-labels": false, 
   "class": "bzt.modules.aggregator.ConsolidatingAggregator"
  }, 
  "unpacker": {
   "class": "bzt.modules.services.Unpacker"
  }, 
  "junit-xml": {
   "class": "bzt.modules.reporting.JUnitXMLReporter"
  }
 }, 
 "provisioning": "local", 
 "scenarios": {
  "req": {
   "think-time": null, 
   "script": null, 
   "additional-classpath": [], 
   "timeout": null, 
   "requests": [
    {
     "think-time": null, 
     "body": null, 
     "timeout": null, 
     "content-encoding": null, 
     "url": "https://nytimes.com", 
     "follow-redirects": null, 
     "upload-files": [], 
     "actions": [], 
     "label": "https://nytimes.com", 
     "headers": {}, 
     "body-file": null, 
     "method": "GET", 
     "keepalive": null
    }
   ], 
   "default-address": null, 
   "browser": "Chrome"
  }
 }, 
 "version": "1.9.2.1487", 
 "cli-aliases": {
  "gui": {
   "modules": {
    "jmeter": {
     "gui": true
    }
   }
  }, 
  "locations": {
   "modules": {
    "cloud": {
     "dump-locations": true
    }
   }, 
   "provisioning": "cloud"
  }, 
  "sequential": {
   "modules": {
    "local": {
     "sequential": true
    }
   }
  }, 
  "func": {
   "modules": {
    "console": {
     "disable": true
    }
   }, 
   "settings": {
    "aggregator": "functional-consolidator"
   }
  }, 
  "report": {
   "reporting": [
    "blazemeter", 
    "blazemeter"
   ]
  }, 
  "install-tools": {
   "services": [
    "install-checker", 
    "install-checker"
   ]
  }, 
  "detach": {
   "modules": {
    "cloud": {
     "detach": true
    }
   }
  }, 
  "local": {
   "provisioning": "local"
  }, 
  "cloud": {
   "provisioning": "cloud"
  }
 }, 
 "install-id": "blazemeter-cloud-eu-west-1", 
 "services": [
  {
   "run-at": "local", 
   "local": [
    {
     "metrics": [
      "cpu", 
      "mem", 
      "bytes-sent", 
      "bytes-recv", 
      "disk-read", 
      "disk-write", 
      "disk-space", 
      "engine-loop", 
      "conn-all"
     ]
    }, 
    {
     "metrics": [
      "cpu", 
      "mem", 
      "bytes-sent", 
      "bytes-recv", 
      "disk-read", 
      "disk-write", 
      "disk-space", 
      "engine-loop", 
      "conn-all"
     ]
    }, 
    {
     "metrics": [
      "cpu", 
      "mem", 
      "bytes-sent", 
      "bytes-recv", 
      "disk-read", 
      "disk-write", 
      "disk-space", 
      "engine-loop", 
      "conn-all"
     ]
    }
   ], 
   "module": "monitoring"
  }, 
  {
   "run-at": "local", 
   "width": 1024, 
   "module": "virtual-display", 
   "height": 768
  }, 
  {
   "aws-params": {
    "data-path": "users/106819/tests/5396847/masters/16505187/data", 
    "region": "us-east-1", 
    "token": "********", 
    "bucket-name": "blazemeter", 
    "secret": "********", 
    "key-id": "ASIAIENDWACSV3Z2MK3Q"
   }, 
   "run-at": "local", 
   "destination": "/tmp/taurus/2017-08-07_22-00-14.tmpHKhazg", 
   "module": "s3downloader"
  }, 
  {
   "run-at": "local", 
   "local": [
    {
     "metrics": [
      "cpu", 
      "mem", 
      "bytes-sent", 
      "bytes-recv", 
      "disk-read", 
      "disk-write", 
      "disk-space", 
      "engine-loop", 
      "conn-all"
     ]
    }
   ], 
   "module": "monitoring"
  }, 
  {
   "run-at": "local", 
   "local": [
    {
     "metrics": [
      "cpu", 
      "mem", 
      "bytes-sent", 
      "bytes-recv", 
      "disk-read", 
      "disk-write", 
      "disk-space", 
      "engine-loop", 
      "conn-all"
     ]
    }
   ], 
   "module": "monitoring"
  }, 
  {
   "run-at": "local", 
   "module": "capturehar"
  }, 
  {
   "run-at": "local", 
   "module": "screenshoter"
  }
 ], 
 "execution": [
  {
   "concurrency": {
    "local": null
   }, 
   "scenario": "req", 
   "ramp-up": null, 
   "start-at": 0, 
   "delay": 0, 
   "throughput": {
    "shepherd": null, 
    "local": 0
   }, 
   "iterations": 2, 
   "executor": "selenium", 
   "locations-weighted": true, 
   "steps": null, 
   "hold-for": 0
  }
 ]
}
